{"id":"216fb8b8-d2c3-4a01-8318-3e786bdc6fd4","name":"leave","key":"leave","description":"","editorJson":{"resourceId":"216fb8b8-d2c3-4a01-8318-3e786bdc6fd4","properties":{"process_id":"leave","name":"leave","documentation":"","process_author":"","process_version":"","process_namespace":"http://www.activiti.org/processdef","executionlisteners":"","eventlisteners":"","signaldefinitions":"","messagedefinitions":""},"stencil":{"id":"BPMNDiagram"},"childShapes":[{"resourceId":"startEvent1","properties":{"overrideid":"","name":"开始","documentation":"","executionlisteners":"","initiator":"","formkeydefinition":"","formreference":"","formproperties":""},"stencil":{"id":"StartNoneEvent"},"childShapes":[],"outgoing":[{"resourceId":"sid-C3DEBF26-5703-486A-8EBF-A6CB27AB5C63"}],"bounds":{"lowerRight":{"x":90,"y":190},"upperLeft":{"x":60,"y":160}},"dockers":[]},{"resourceId":"sid-1D8678A1-B864-4D53-A4FD-7CE390D00949","properties":{"overrideid":"","name":"请假申请","documentation":"","asynchronousdefinition":"false","exclusivedefinition":"false","executionlisteners":"","multiinstance_type":"None","multiinstance_cardinality":"","multiinstance_collection":"","multiinstance_variable":"","multiinstance_condition":"","isforcompensation":"false","usertaskassignment":{"assignment":{"type":"idm","idm":{"type":"initiator"}}},"formkeydefinition":"","formreference":"","duedatedefinition":"","prioritydefinition":"","formproperties":"","tasklisteners":""},"stencil":{"id":"UserTask"},"childShapes":[],"outgoing":[{"resourceId":"sid-A96935F9-441F-4094-8D17-03CE3C6460D2"}],"bounds":{"lowerRight":{"x":280,"y":215},"upperLeft":{"x":180,"y":135}},"dockers":[]},{"resourceId":"sid-C3DEBF26-5703-486A-8EBF-A6CB27AB5C63","properties":{"overrideid":"","name":"","documentation":"","conditionsequenceflow":"","executionlisteners":"","defaultflow":"false"},"stencil":{"id":"SequenceFlow"},"childShapes":[],"outgoing":[{"resourceId":"sid-1D8678A1-B864-4D53-A4FD-7CE390D00949"}],"bounds":{"lowerRight":{"x":179.3515625,"y":175},"upperLeft":{"x":90.53125,"y":175}},"dockers":[{"x":15,"y":15},{"x":50,"y":40}],"target":{"resourceId":"sid-1D8678A1-B864-4D53-A4FD-7CE390D00949"}},{"resourceId":"sid-B5B5AAF1-E4A0-404A-BDCF-F83DC541D09E","properties":{"overrideid":"","name":"Boss审批","documentation":"","asynchronousdefinition":"false","exclusivedefinition":"false","executionlisteners":"","multiinstance_type":"None","multiinstance_cardinality":"","multiinstance_collection":"","multiinstance_variable":"","multiinstance_condition":"","isforcompensation":"false","usertaskassignment":{"assignment":{"type":"idm","idm":{"type":"user","assignee":{"id":"boss","firstName":"boss","lastName":"boss","email":"boss@qq.com","fullName":"boss boss","groups":[],"$$hashKey":"object:518"}}}},"formkeydefinition":"","formreference":"","duedatedefinition":"","prioritydefinition":"","formproperties":"","tasklisteners":""},"stencil":{"id":"UserTask"},"childShapes":[],"outgoing":[{"resourceId":"sid-05053D20-C20C-4C71-A779-C764D42FBBA1"}],"bounds":{"lowerRight":{"x":460,"y":215},"upperLeft":{"x":360,"y":135}},"dockers":[]},{"resourceId":"sid-A96935F9-441F-4094-8D17-03CE3C6460D2","properties":{"overrideid":"","name":"","documentation":"","conditionsequenceflow":"","executionlisteners":"","defaultflow":"false"},"stencil":{"id":"SequenceFlow"},"childShapes":[],"outgoing":[{"resourceId":"sid-B5B5AAF1-E4A0-404A-BDCF-F83DC541D09E"}],"bounds":{"lowerRight":{"x":359.78125,"y":175},"upperLeft":{"x":280.21875,"y":175}},"dockers":[{"x":50,"y":40},{"x":50,"y":40}],"target":{"resourceId":"sid-B5B5AAF1-E4A0-404A-BDCF-F83DC541D09E"}},{"resourceId":"sid-05053D20-C20C-4C71-A779-C764D42FBBA1","properties":{"overrideid":"","name":"","documentation":"","conditionsequenceflow":"","executionlisteners":"","defaultflow":"false"},"stencil":{"id":"SequenceFlow"},"childShapes":[],"outgoing":[{"resourceId":"sid-36F9AFE7-EFF3-4767-8D97-79618979CB55"}],"bounds":{"lowerRight":{"x":410.4282042191734,"y":299.60742777945995},"upperLeft":{"x":410.1401551558266,"y":215.78515034554007}},"dockers":[{"x":50,"y":40},{"x":20.5,"y":20.5}],"target":{"resourceId":"sid-36F9AFE7-EFF3-4767-8D97-79618979CB55"}},{"resourceId":"sid-3B6842AB-8FE0-452D-9931-476B9AF1497D","properties":{"overrideid":"","name":"结束","documentation":"","executionlisteners":""},"stencil":{"id":"EndNoneEvent"},"childShapes":[],"outgoing":[],"bounds":{"lowerRight":{"x":598,"y":334},"upperLeft":{"x":570,"y":306}},"dockers":[]},{"resourceId":"sid-36F9AFE7-EFF3-4767-8D97-79618979CB55","properties":{"overrideid":"","name":"同意？","documentation":"","asynchronousdefinition":"false","exclusivedefinition":"false","sequencefloworder":""},"stencil":{"id":"ExclusiveGateway"},"childShapes":[],"outgoing":[{"resourceId":"sid-8666EA8F-1B98-42B9-A6DD-AEBD4446CDD3"},{"resourceId":"sid-16A97EC9-619E-434C-B173-D6251551C14B"}],"bounds":{"lowerRight":{"x":430,"y":340},"upperLeft":{"x":390,"y":300}},"dockers":[]},{"resourceId":"sid-16A97EC9-619E-434C-B173-D6251551C14B","properties":{"overrideid":"","name":"驳回","documentation":"","conditionsequenceflow":{"expression":{"type":"static","staticValue":"${!pass}"}},"executionlisteners":"","defaultflow":"false"},"stencil":{"id":"SequenceFlow"},"childShapes":[],"outgoing":[{"resourceId":"sid-1D8678A1-B864-4D53-A4FD-7CE390D00949"}],"bounds":{"lowerRight":{"x":389.7578125,"y":320.5},"upperLeft":{"x":230,"y":215.78515625}},"dockers":[{"x":20.5,"y":20.5},{"x":230,"y":320.5},{"x":50,"y":40}],"target":{"resourceId":"sid-1D8678A1-B864-4D53-A4FD-7CE390D00949"}},{"resourceId":"sid-8666EA8F-1B98-42B9-A6DD-AEBD4446CDD3","properties":{"overrideid":"","name":"同意","documentation":"","conditionsequenceflow":{"expression":{"type":"static","staticValue":"${pass}"}},"executionlisteners":"","defaultflow":"false"},"stencil":{"id":"SequenceFlow"},"childShapes":[],"outgoing":[{"resourceId":"sid-3B6842AB-8FE0-452D-9931-476B9AF1497D"}],"bounds":{"lowerRight":{"x":569.4453166524877,"y":320.4424306675864},"upperLeft":{"x":430.47655834751237,"y":320.0419443324136}},"dockers":[{"x":20.5,"y":20.5},{"x":14,"y":14}],"target":{"resourceId":"sid-3B6842AB-8FE0-452D-9931-476B9AF1497D"}}],"bounds":{"lowerRight":{"x":1200,"y":1050},"upperLeft":{"x":0,"y":0}},"stencilset":{"url":"stencilsets/bpmn2.0/bpmn2.0.json","namespace":"http://b3mn.org/stencilset/bpmn2.0#"},"ssextensions":[]}}